<?xml version="1.0"?>
<!--<!DOCTYPE metadata SYSTEM "http://www.esri.com/metadata/esriprof80.dtd">-->
<metadata xml:lang="en"><Esri><MetaID>{FA703D71-4A97-467D-802E-A5B09C23495E}</MetaID><CreaDate>20090510</CreaDate><CreaTime>23393800</CreaTime><SyncOnce>TRUE</SyncOnce><DataProperties><lineage><Process ToolSource="C:\Program Files\ArcGIS\ArcToolbox\Toolboxes\Data Management Tools.tbx\DefineProjection" Date="20090510" Time="233938">DefineProjection "D:\data-data TA\hasil survey\New Folder\map\pusat.shp" GEOGCS['GCS_WGS_1984',DATUM['D_WGS_1984',SPHEROID['WGS_1984',6378137.0,298.257223563]],PRIMEM['Greenwich',0.0],UNIT['Degree',0.0174532925199433]] "D:\data-data TA\hasil survey\New Folder\map\pusat.shp"</Process></lineage></DataProperties></Esri></metadata>
