<?xml version="1.0"?>
<!--<!DOCTYPE metadata SYSTEM "http://www.esri.com/metadata/esriprof80.dtd">-->
<metadata xml:lang="en"><Esri><MetaID>{6B922BF0-1F22-4594-868F-7A0D6726B466}</MetaID><CreaDate>20090510</CreaDate><CreaTime>23400400</CreaTime><SyncOnce>TRUE</SyncOnce><DataProperties><lineage><Process ToolSource="C:\Program Files\ArcGIS\ArcToolbox\Toolboxes\Data Management Tools.tbx\DefineProjection" Date="20090510" Time="234004">DefineProjection "D:\data-data TA\hasil survey\New Folder\map\puskesmas.shp" GEOGCS['GCS_WGS_1984',DATUM['D_WGS_1984',SPHEROID['WGS_1984',6378137.0,298.257223563]],PRIMEM['Greenwich',0.0],UNIT['Degree',0.0174532925199433]] "D:\data-data TA\hasil survey\New Folder\map\puskesmas.shp"</Process><Process ToolSource="C:\Program Files\ArcGIS\ArcToolbox\Toolboxes\Data Management Tools.tbx\AddXY" Date="20090510" Time="234525">AddXY "D:\data-data TA\hasil survey\New Folder\map\puskesmas.shp" "D:\data-data TA\hasil survey\New Folder\map\puskesmas.shp"</Process></lineage></DataProperties></Esri></metadata>
