<?xml version="1.0"?>
<!--<!DOCTYPE metadata SYSTEM "http://www.esri.com/metadata/esriprof80.dtd">-->
<metadata xml:lang="en"><Esri><MetaID>{FDEF2AB4-1488-4048-A72F-B350CD39B491}</MetaID><CreaDate>20090505</CreaDate><CreaTime>12571800</CreaTime><SyncOnce>TRUE</SyncOnce><DataProperties><lineage><Process ToolSource="C:\Program Files\ArcGIS\ArcToolbox\Toolboxes\Data Management Tools.tbx\AddXY" Date="20090505" Time="125718">AddXY rumah_sakit rumah_sakit</Process><Process ToolSource="C:\Program Files\ArcGIS\ArcToolbox\Toolboxes\Data Management Tools.tbx\DefineProjection" Date="20090510" Time="234055">DefineProjection "D:\data-data TA\hasil survey\New Folder\map\rumah_sakit.shp" GEOGCS['GCS_WGS_1984',DATUM['D_WGS_1984',SPHEROID['WGS_1984',6378137.0,298.257223563]],PRIMEM['Greenwich',0.0],UNIT['Degree',0.0174532925199433]] "D:\data-data TA\hasil survey\New Folder\map\rumah_sakit.shp"</Process></lineage></DataProperties></Esri></metadata>
