<?xml version="1.0"?>
<!--<!DOCTYPE metadata SYSTEM "http://www.esri.com/metadata/esriprof80.dtd">-->
<metadata xml:lang="en"><Esri><MetaID>{31FEE9E1-FFDB-4E0F-9BEB-E89FA5E78A26}</MetaID><CreaDate>20090510</CreaDate><CreaTime>23412300</CreaTime><SyncOnce>TRUE</SyncOnce><DataProperties><lineage><Process ToolSource="C:\Program Files\ArcGIS\ArcToolbox\Toolboxes\Data Management Tools.tbx\DefineProjection" Date="20090510" Time="234123">DefineProjection "D:\data-data TA\hasil survey\New Folder\map\selatan.shp" GEOGCS['GCS_WGS_1984',DATUM['D_WGS_1984',SPHEROID['WGS_1984',6378137.0,298.257223563]],PRIMEM['Greenwich',0.0],UNIT['Degree',0.0174532925199433]] "D:\data-data TA\hasil survey\New Folder\map\selatan.shp"</Process></lineage></DataProperties></Esri></metadata>
