<?xml version="1.0"?>
<!--<!DOCTYPE metadata SYSTEM "http://www.esri.com/metadata/esriprof80.dtd">-->
<metadata xml:lang="en"><Esri><MetaID>{FF847805-A75F-4F77-ADFC-85B608F928EE}</MetaID><CreaDate>20090510</CreaDate><CreaTime>23414500</CreaTime><SyncOnce>TRUE</SyncOnce><DataProperties><lineage><Process ToolSource="C:\Program Files\ArcGIS\ArcToolbox\Toolboxes\Data Management Tools.tbx\DefineProjection" Date="20090510" Time="234145">DefineProjection "D:\data-data TA\hasil survey\New Folder\map\sungai baru.shp" GEOGCS['GCS_WGS_1984',DATUM['D_WGS_1984',SPHEROID['WGS_1984',6378137.0,298.257223563]],PRIMEM['Greenwich',0.0],UNIT['Degree',0.0174532925199433]] "D:\data-data TA\hasil survey\New Folder\map\sungai baru.shp"</Process></lineage></DataProperties></Esri></metadata>
